{"promulgates": [-0.00024178982130251825, 0.0017594528617337346, -0.014191298745572567, 0.00413000350818038, -0.002864847192540765, 0.005604298319667578, 0.009684443473815918, -0.002704038517549634, -0.0055602858774363995, 0.015477295033633709, 0.010091197676956654, 0.013427043333649635, 0.009031286463141441, 0.017334310337901115, 0.014949939213693142, -0.0021637750323861837, 0.017495276406407356, 0.00920343678444624, 0.010881266556680202, -0.0027721691876649857, -0.004082636907696724, -0.00884869135916233, -0.017030393704771996, 0.0060754562728106976, 0.017766384407877922, 0.01783948391675949, -0.0038847089745104313, 0.012172315269708633, 0.007559447083622217, -0.008591931313276291, 0.004085848107933998, -0.010875770822167397, 0.016417784616351128, 0.010865816846489906, 0.0063688685186207294, 0.008205137215554714, 0.017314299941062927, 0.014544069766998291, -0.0016669464530423284, -0.014145536348223686, 0.016760945320129395, 0.014467167668044567, 0.0034609436988830566, -0.0026949835009872913, -0.011780183762311935, -0.009066181257367134, 0.01729593239724636, -0.006270215380936861, -0.012677638791501522, 0.019740154966711998], "delineates": [0.003543397644534707, 0.014128929004073143, 0.005889332387596369, -0.013942047953605652, 0.015413859859108925, -0.012015137821435928, 0.01807786524295807, 0.005983057431876659, -0.008069593459367752, -0.009396716952323914, -0.008839600719511509, -0.012391936965286732, 0.01879275031387806, -0.005227234214544296, 0.015562319196760654, -0.019272202625870705, 0.004248791374266148, -0.002488063182681799, 0.01504275668412447, -0.018188215792179108, 0.014970541000366211, -0.010211553424596786, -0.011908764950931072, -0.01132629532366991, -0.006722862366586924, -0.006807084660977125, -0.006412888411432505, -0.014948423951864243, 0.0014336664462462068, -0.0011139570269733667, -0.003392812330275774, 0.007502111606299877, -0.015194647945463657, -0.006516561843454838, 0.01032014936208725, 0.01716199330985546, -0.019551575183868408, 0.014437605626881123, 0.010635497979819775, -0.007713826838880777, 0.01719261333346367, -0.018483322113752365, 0.01453064102679491, 0.01076461374759674, 0.0026614863891154528, -0.010418410412967205, -0.008390647359192371, -0.006742405239492655, 0.0032763974741101265, 0.003195755649358034], "annihilates": [0.005327714141458273, -0.010674008168280125, 0.013161305338144302, 0.009027952328324318, -0.014119928702712059, -0.0006518213194794953, 0.0016814672853797674, 0.01149690244346857, -0.0034530542325228453, -0.005612787790596485, 0.003487402107566595, 0.0016623015981167555, 0.002379076322540641, -0.005259028170257807, -0.011976335197687149, 0.014651387929916382, 0.015165364369750023, 0.01659434288740158, -0.017200209200382233, 0.005260534584522247, -0.007078082766383886, 0.019240951165556908, 0.005844420753419399, 0.009302224032580853, 0.0047783805057406425, 0.013245832175016403, -0.01147330179810524, 0.015795711427927017, -0.004822771530598402, -0.009114480577409267, -0.00411718524992466, 0.019468922168016434, -0.01368444412946701, -0.0044187079183757305, 0.01401285920292139, -8.89526927494444e-05, -0.012569333426654339, -0.012775004841387272, 0.01787753589451313, 0.012883245944976807, 0.009546224027872086, -0.006546056363731623, -0.018543971702456474, 0.007604910992085934, 0.014331378974020481, -0.01128395926207304, -0.015734855085611343, -0.0059668393805623055, -0.009837577119469643, -0.004632651340216398], "revolutionize": [0.012830865569412708, -0.017902282997965813, -0.0146909449249506, -0.0035022879019379616, 0.003396017476916313, -0.0020684408955276012, -0.010408546775579453, 0.013158502988517284, 0.017565622925758362, -0.014824194833636284, 0.01961113139986992, 0.014733295887708664, -0.014921450987458229, -0.003799915313720703, 0.008504075929522514, 0.01411921065300703, -0.007327373139560223, -0.013946163468062878, 0.0094496700912714, -0.018077213317155838, -0.011700605973601341, -0.002566962270066142, 0.010961835272610188, -0.011373882181942463, 0.009569571353495121, -0.0008698916644789279, 0.00533452769741416, 0.012807858176529408, 0.002835261868312955, 0.015417149290442467, -0.0006448030471801758, -0.016527406871318817, 0.01835699751973152, -0.009716405533254147, 0.009443812072277069, -0.007805566769093275, -0.014659037813544273, -0.013025297783315182, 0.009354667738080025, -0.001318864873610437, 0.002920539351180196, -0.017856556922197342, -0.010293104685842991, -0.012108845636248589, 0.01682557538151741, -0.017394864931702614, 0.010049688629806042, -0.0017227029893547297, 0.00037875413545407355, 0.01759951561689377], "adjudicates": [-0.003059184877201915, -0.008062818087637424, -0.008798561990261078, -0.00925552286207676, -0.011230633594095707, -0.010628863237798214, -0.015992699190974236, 0.01909261755645275, 0.012763979844748974, -0.007265582215040922, 0.004942996893078089, -0.01534176990389824, 0.015063303522765636, 0.01666998863220215, 0.001593688502907753, -0.01359769981354475, -0.005892419721931219, 0.009471657685935497, -0.005945704411715269, 0.006272385362535715, 0.01887938752770424, 0.008732995018362999, -0.010190175846219063, 0.01094581838697195, -0.005730047821998596, -0.012759173288941383, 0.013996482826769352, -0.018512889742851257, -0.002276322338730097, -0.0027351821772754192, -0.016840673983097076, -0.002246278338134289, 0.011225992813706398, -0.01061235461384058, -0.014037040062248707, 0.012440194375813007, -0.006841273047029972, -0.01562422327697277, 0.000600277679041028, -0.00010107667912961915, 0.015086917206645012, 0.001139219617471099, 0.01576255075633526, -0.019607001915574074, 0.008112712763249874, 0.012422824278473854, 0.002010341500863433, -0.00568020436912775, 0.0021194221917539835, -0.0016568484716117382], "calibrates": [-0.00024535247939638793, -0.007593359332531691, 0.0009230301366187632, 0.0020349121186882257, -0.018828226253390312, -0.009806881658732891, -0.015347343869507313, 0.007662232965230942, -0.0017810456920415163, -0.014992957003414631, 0.011246869340538979, 0.00041246137698180974, 0.005419372580945492, 0.01091846078634262, -0.00845108088105917, 0.015733404085040092, -0.01570240408182144, -0.0069237942807376385, -0.014750919304788113, 0.0018957516876980662, -0.014718018472194672, 0.018113870173692703, 0.011133390478789806, -0.014479800127446651, 0.01236709300428629, 0.013201501220464706, -0.01484918687492609, 0.009304484352469444, -0.015438079833984375, 0.018659599125385284, 0.009358416311442852, -0.00046107222442515194, -0.017856601625680923, -0.0018293032189831138, -0.0005365369142964482, 0.0018858007388189435, 0.017350321635603905, -0.005529865622520447, -0.01736503653228283, -0.017656616866588593, -0.002107303822413087, 0.0027083680033683777, 0.000219712543184869, -0.004392688162624836, 0.017122019082307816, 0.0001824588398449123, 0.012820313684642315, 0.00798825640231371, -0.01433095708489418, -0.004217994399368763], "orchestrates": [0.010750844143331051, 0.019617831334471703, -0.01411172840744257, -0.0011624856851994991, -0.010133333504199982, 0.01285579800605774, 0.019338024780154228, -0.0006578185129910707, 0.010277588851749897, 0.01306805107742548, 0.008814709261059761, -0.016080575063824654, 0.006213631015270948, -0.002966885920614004, -0.0043280115351080894, 0.010825651697814465, -0.002643201034516096, 0.019847866147756577, -0.0012893915409222245, 0.0005097114481031895, -0.004572456236928701, -0.0170187558978796, -0.01959770917892456, 0.009898337535560131, -0.01323920302093029, 0.00593029148876667, 0.005550876259803772, -0.014010103419423103, -0.00627718074247241, -0.011609261855483055, -0.017133790999650955, 7.472606375813484e-05, 0.01957930624485016, -0.013372831977903843, -0.00871346052736044, 0.01666630059480667, 0.018608208745718002, 0.019642559811472893, -0.019781891256570816, 0.010103526525199413, -0.013274815864861012, 0.013749737292528152, 0.012286473996937275, -0.006744835060089827, 0.013796103186905384, -0.015744710341095924, 0.009092754684388638, 0.009168419055640697, 0.011866537854075432, 0.011757188476622105],