{"obliterates": [0.0026657921262085438, 0.01308288425207138, 0.019965745508670807, 0.018125467002391815, -0.016031932085752487, 0.012974753975868225, -0.011412166059017181, -0.0019290018826723099, 0.0009667999693192542, 0.013154491782188416, 0.008948428556323051, 0.009199528954923153, 0.018972311168909073, 0.0007708203047513962, -0.012081037275493145, -0.012653064914047718, 0.012865128926932812, -0.01048467680811882, -0.0057083419524133205, 0.008138229139149189, -0.004580013453960419, -0.012052605859935284, -0.004642574582248926, 0.0024120802991092205, 0.00437020743265748, 0.012161793187260628, -0.010432728566229343, 0.006159469019621611, 0.01447506807744503, 0.004385402891784906, 0.010789768770337105, -0.009687933139503002, 0.012307185679674149, -0.015201041474938393, 0.006986365653574467, -0.01864134520292282, -0.005200809799134731, -0.018150070682168007, -0.0031747922766953707, -0.010728121735155582, -0.007891188375651836, 0.0023049672599881887, 0.005595544818788767, -0.0030532486271113157, -0.01633393205702305, -0.011842174455523491, 0.001637136796489358, -0.007898818701505661, -0.01885933056473732, -0.001542762853205204], "destroys": [-0.0004863459325861186, 0.008462077006697655, 0.004229650367051363, 0.02000458352267742, 0.0012357608648017049, -0.010936944745481014, -0.0023536523804068565, 0.004155866336077452, -0.006751844193786383, -0.015699656680226326, -0.011188437230885029, -0.013494874350726604, 0.012713783420622349, 0.007853414863348007, 0.0164326261729002, 0.013032903894782066, -0.012245108373463154, 0.0054304772056639194, 0.01692722551524639, 0.003185999346897006, 0.00613436521962285, 0.011615876108407974, -0.017654594033956528, 0.01826723851263523, 0.013644968159496784, 0.017029276117682457, -0.016461972147226334, 0.012378095649182796, 0.013260356150567532, -0.0027183403726667166, -0.012571790255606174, 0.010652583092451096, -0.013723894022405148, -0.01066877692937851, 0.007029314525425434, 0.01616675592958927, 0.017416657879948616, -0.008812842890620232, -0.01840408705174923, 0.01921808533370495, 0.012576370500028133, -0.007941361516714096, -0.01691952720284462, -0.00945024099200964, -0.00789563823491335, -0.006568019278347492, 0.0016461594495922327, -0.0006031403900124133, -0.006240746472030878, -0.011995417065918446], "promulgates": [0.006560475565493107, 0.004240167327225208, 0.010648955591022968, 0.015044610016047955, -0.01178217027336359, 0.01589740440249443, 0.012020546942949295, 0.019619189202785492, 0.009269059635698795, -0.006693426053971052, -0.007498063612729311, -0.0012856556568294764, -0.0033050966449081898, 0.019774461165070534, 0.00223282421939075, 0.008047807961702347, 0.006827875040471554, -0.01770004816353321, 0.013446551747620106, 0.01635892316699028, -0.0033133665565401316, 0.004683583043515682, -0.012943183071911335, -0.012255414389073849, 0.01645970158278942, -0.0060910191386938095, 0.013471851125359535, 0.0031210482120513916, -0.003982509020715952, 0.006097412668168545, -0.008065816946327686, -0.0035754842683672905, 0.0027689484413713217, 0.009754599072039127, -0.0028038048185408115, 0.0013151706662029028, -0.015840832144021988, 0.018978800624608994, -0.017553677782416344, 0.014135381206870079, 0.007817310281097889, -0.01401504036039114, -0.010613503865897655, -0.01589145138859749, -0.01022513210773468, 0.014126165769994259, 0.019288446754217148, 0.004284620750695467, 0.0012902606977149844, 0.0190757866948843], "delineates": [0.005135420709848404, 0.016209548339247704, -0.00279695400968194, 0.016159018501639366, 0.0074258907698094845, -0.016124198213219643, -0.007835907861590385, -0.0049211326986551285, 0.009815056808292866, -0.0017852287273854017, -0.005644010845571756, 0.015633029863238335, 0.018650341778993607, -0.003203699132427573, -0.010340739972889423, -0.00937841646373272, -0.00969735998660326, -0.01920223794877529, 0.002738233655691147, -0.008473671972751617, 0.005047252401709557, 0.011242336593568325, -0.008107412606477737, -0.019210245460271835, 0.0031308068428188562, -0.013408735394477844, 0.004974027629941702, -0.007546177599579096, 0.014137981459498405, 0.0012738597579300404, 0.007092675194144249, -0.005475518759340048, -0.003399439388886094, 0.015301637351512909, 0.0028050716500729322, -0.011715423315763474, -0.01565534994006157, 0.0024557418655604124, 0.012880693189799786, 0.011108174920082092, -0.017965609207749367, 0.01718776300549507, 0.008071469143033028, 0.014924408867955208, 0.019540823996067047, -0.014606041833758354, -0.01807291992008686, 0.01165453065186739, 0.018775904551148415, 0.007051131688058376], "annihilates": [-0.00020538028911687434, 0.001754720346070826, -0.014184348285198212, 0.004128109663724899, -0.0028861891478300095, 0.005542983766645193, 0.009741929359734058, -0.0026084331329911947, -0.005524311680346727, 0.015380281023681164, 0.010116503573954105, 0.013361195102334023, 0.00906449556350708, 0.017359068617224693, 0.014921499416232109, -0.0020960429683327675, 0.017515696585178375, 0.009174272418022156, 0.010853422805666924, -0.0028292196802794933, -0.0040959324687719345, -0.008820762857794762, -0.017002681270241737, 0.006066504400223494, 0.017783015966415405, 0.017819974571466446, -0.003930650185793638, 0.01220319326967001, 0.007536034099757671, -0.008618546649813652, 0.004029673058539629, -0.010882385075092316, 0.016444332897663116, 0.010856802575290203, 0.006369270384311676, 0.008202385157346725, 0.01737944409251213, 0.01450805552303791, -0.0017335821175947785, -0.014132489450275898, 0.016756858676671982, 0.014437203295528889, 0.003407382173463702, -0.002733805915340781, -0.011725452728569508, -0.009116382338106632, 0.01732187159359455, -0.006307384930551052, -0.012687691487371922, 0.019828448072075844], "revolutionize": [0.00018933872343041003, 0.01002899743616581, 0.004399777390062809, 0.01768428646028042, -0.016681477427482605, 0.01675432175397873, 0.017407720908522606, 0.0021859672851860523, 0.008844707161188126, 0.007552386727184057, 0.008163775317370892, -0.005991258192807436, 0.005720282904803753, 0.0015593611169606447, 0.009584864601492882, 0.016929851844906807, -0.015469766221940517, 0.0002476181834936142, -0.017522767186164856, -0.0032230238430202007, -0.018096381798386574, 0.006369129754602909, -0.003121886635199189, -0.0014541774289682508, 0.012894045561552048, -0.016249779611825943, 0.0022567480336874723, -0.004831193946301937, -0.007511453237384558, -0.014624789357185364, -0.016002120450139046, 0.016594629734754562, -0.014857050962746143, 0.009659499861299992, -0.0076233334839344025, -0.0024432558566331863, 0.0056875646114349365, -0.017213385552167892, -0.011349749751389027, -0.015471063554286957, -0.01884554885327816, -0.009504217654466629, -0.006324057001620531, 0.0009196705068461597, -0.0013195399660617113, -0.015807664021849632, -0.0075795603916049, -0.005516536999493837, -0.012778904289007187, -0.012651093304157257], "adjudicates": [0.010756303556263447, 0.01961003616452217, -0.014125575311481953, -0.0011592291994020343, -0.010146821849048138, 0.012830443680286407, 0.019352983683347702, -0.0006512044346891344, 0.010275540873408318, 0.013051674701273441, 0.008825105614960194, -0.016084935516119003, 0.006217584013938904, -0.002961460268124938, -0.004354638047516346, 0.010808955878019333, -0.0026582020800560713, 0.01985955610871315, -0.0013088256819173694, 0.0005040565738454461, -0.004580547567456961, -0.01700603775680065, -0.01960510015487671, 0.009892702102661133, -0.013214871287345886, 0.005908191669732332, 0.005529355723410845, -0.01399856898933649, -0.006300217937678099, -0.011633911170065403, -0.01713881827890873, 8.138684643199667e-05, 0.019592013210058212, -0.013348975218832493, -0.008733660914003849, 0.01664993353188038, 0.018621210008859634, 0.019604112952947617, -0.01979120634496212, 0.01008995994925499, -0.013313128612935543, 0.013773222453892231, 0.012273465283215046, -0.006772907450795174, 0.013800040818750858, -0.01574552431702614, 0.009116082452237606, 0.00914086028933525, 0.01185721904039383, 0.01177983172237873],