{"obliterates": [0.0025749499909579754, -0.019642973318696022, 0.009166417643427849, -0.0010570010636001825, 0.012635632418096066, 0.0035154293291270733, -0.0062849558889865875, 0.015524877235293388, 0.003095057560130954, 7.172635378083214e-05, -0.009232607670128345, -0.016947409138083458, -0.015535682439804077, 0.017349233850836754, -0.017886269837617874, 0.018102826550602913, -0.018562408164143562, -0.0005883855046704412, -0.0038373423740267754, -0.017904074862599373, 0.01728411391377449, 0.013598088175058365, 0.006071490701287985, 0.00967431254684925, 0.0002656361903063953, 0.018870465457439423, 0.014010777696967125, -0.01967439241707325, -0.00891630444675684, -0.0025604981929063797, 0.00611120043322444, -0.008646856993436813, 0.002924052532762289, -0.01566985622048378, 0.005514978431165218, 0.009413463063538074, 0.009897520765662193, -0.006354344543069601, -0.016872387379407883, -0.01842380315065384, -0.001445431844331324, -0.014647995121777058, -0.013651682995259762, 0.012225880287587643, 0.014348714612424374, 0.004224743694067001, -0.01577599346637726, -0.01139675360172987, 0.016150252893567085, 0.007882696576416492], "promulgates": [0.01944609172642231, -0.019580518826842308, -0.013018839061260223, 0.005549146328121424, 0.01284603402018547, -0.010791867971420288, 0.00554431788623333, 0.0182661060243845, -0.013634894043207169, -0.012279476039111614, -0.00997251272201538, -0.007413384038954973, 0.003699208376929164, 0.019377104938030243, 0.012870079837739468, 0.0008360065403394401, 0.00492846267297864, 0.01686226949095726, 0.01824033260345459, 0.01118762418627739, 0.011912033893167973, -0.01521063782274723, -0.0076108467765152454, -0.01135403010994196, 0.012388654053211212, -0.004475409630686045, -0.01757146790623665, 0.015259106643497944, 0.016774209216237068, -0.006616527680307627, 0.01823505386710167, -0.0014895505737513304, -0.007227613590657711, -0.0007967531564645469, 0.0003824108571279794, -0.006983833387494087, 0.005657860543578863, 0.011430349200963974, 0.013716357760131359, -0.01779686100780964, -0.004378750920295715, -0.010964397341012955, 0.015043617226183414, 0.013013469986617565, -0.008681715466082096, 0.004613430704921484, -0.011941755190491676, 0.00045845340355299413, 0.018985886126756668, -0.005176255013793707], "delineates": [0.013343580067157745, -0.013676644302904606, 0.0019231460755690932, -0.012002070434391499, 0.003286713734269142, -0.008590351790189743, -0.006880721542984247, 0.004359026905149221, 0.017340604215860367, 0.01343543827533722, -0.019355377182364464, -0.011260207742452621, 0.01578313671052456, 0.003985326737165451, -0.00853023026138544, 0.0012178478064015508, 0.019055496901273727, -0.0022162694949656725, -0.018873361870646477, 0.0032038367353379726, 0.012492639012634754, 0.012595645152032375, 0.008197667077183723, -0.011301882565021515, -0.0007219007820822299, -8.004756818991154e-05, 0.009141173213720322, -0.016075659543275833, -0.0160520076751709, 0.0005354377790354192, -0.017219631001353264, 0.011639624834060669, -0.0008277217275463045, 0.019942769780755043, -0.01070365495979786, -0.0009721464011818171, 0.01551651768386364, -0.008150536566972733, -0.010043484158813953, 0.0031873579137027264, 0.005306423641741276, -0.005121870432049036, 0.012907417491078377, -0.01532694511115551, 0.006799526512622833, 0.0009781646076589823, 0.017464304342865944, 0.011959262192249298, 0.013662039302289486, 0.015656180679798126], "annihilates": [-0.017414286732673645, -0.002948445500805974, 0.018952494487166405, -0.015091498382389545, -0.010761839337646961, 0.01853899285197258, -0.01796851120889187, 0.007676835171878338, 0.001316455309279263, 0.013201642781496048, 0.016612062230706215, -0.005823272746056318, -0.00796887930482626, 0.017809351906180382, 0.00414846558123827, 0.012541928328573704, -0.018922176212072372, 0.0191032737493515, -0.0027362480759620667, -0.012213034555315971, 0.005999104585498571, -0.0008258676971308887, 0.009520658291876316, -0.004572219680994749, -0.00823623314499855, 0.004626650828868151, 0.01662261411547661, -0.009919906035065651, 0.005266900639981031, -0.015915213152766228, -0.01353837177157402, -0.0009544931235723197, -0.0175034087151289, 0.005554539617151022, 0.0031245790887624025, -0.004565015435218811, 0.010084958747029305, 0.019484378397464752, 0.016856571659445763, -0.0037334784865379333, 0.004153761081397533, -0.008014080114662647, -0.01652688719332218, 0.012554478831589222, -0.003847855841740966, -0.0014144801534712315, -0.0035713957622647285, -0.009064841084182262, 0.008197924122214317, -0.008464636281132698], "revolutionize": [0.010744997300207615, 0.019594289362430573, -0.014115892350673676, -0.0011859374353662133, -0.010146691463887691, 0.012834129855036736, 0.019324244931340218, -0.0006530063692480326, 0.010271983221173286, 0.013024739921092987, 0.008798246271908283, -0.016119536012411118, 0.0061818272806704044, -0.002962605096399784, -0.004349651280790567, 0.01082830410450697, -0.002640997990965843, 0.019847463816404343, -0.0012917633866891265, 0.00047525123227387667, -0.0045697796158492565, -0.017001355066895485, -0.019595295190811157, 0.009906073100864887, -0.013231134042143822, 0.0059640067629516125, 0.0055175721645355225, -0.013993917964398861, -0.006314028520137072, -0.011592130176723003, -0.017133690416812897, 6.956668948987499e-05, 0.019598307088017464, -0.013361675664782524, -0.00875005777925253, 0.016670068725943565, 0.01861286535859108, 0.019631342962384224, -0.019788242876529694, 0.010114159435033798, -0.013274573720991611, 0.013765957206487656, 0.012259489856660366, -0.006743901874870062, 0.013774234801530838, -0.01576782576739788, 0.00908031314611435, 0.009151951409876347, 0.01190841943025589, 0.011810981668531895], "adjudicates": [-0.015570300631225109, -0.01353009045124054, -0.0063049145974218845, 0.01322410348802805, -0.0016868800157681108, 0.017736254259943962, -0.004592401906847954, -0.010612702928483486, 0.007824255153536797, 0.004387788008898497, -0.0005617756396532059, -0.004924744833260775, -0.012005987577140331, 0.008088957518339157, -0.015234963968396187, -0.01779143325984478, -0.018338028341531754, 0.01676805689930916, 0.007989433594048023, 0.014168040826916695, 0.01980230212211609, -0.014422556385397911, 0.00809155497699976, 0.0056459540501236916, 0.012329687364399433, -0.006739818025380373, 0.018654264509677887, -0.011574353091418743, 0.014034152030944824, 0.01391493808478117, -0.0007749474607408047, 0.010108567774295807, 0.01330571062862873, 0.0030754548497498035, 0.014739173464477062, 0.004831699654459953, -0.0030351236928254366, 0.014785446226596832, 0.00937388651072979, -0.006342412903904915, 0.003281380981206894, -0.00027536897687241435, 0.009910542517900467, -0.010824248194694519, -0.00835268571972847, -0.0018943498143926263, 0.007638290524482727, -0.013165666721761227, 0.015723571181297302, -0.006161206401884556], "calibrates": [0.009012007154524326, 0.004714298527687788, -0.005769565235823393, 0.0012918071588501334, -0.010801903903484344, -0.012741067446768284, 0.017428293824195862, -0.008089219219982624, -0.01867116615176201, 0.007420536130666733, 0.016900040209293365, -0.00041679292917251587, 0.004519214853644371, -0.0070715476758778095, -0.008420022204518318, -0.017217107117176056, -0.015734391286969185, -0.018177002668380737, -0.011956253089010715, 0.016924556344747543, 0.018890704959630966, -0.0033345443662256002, 6.364683213178068e-05, 0.01571730710566044, 0.0025418191216886044, -0.010291693732142448, 0.005233927629888058, 0.0036393229383975267, -0.007485823705792427, -0.009764646179974079, 0.01930583268404007, 0.015289058908820152, -0.017117343842983246, -0.011048724874854088, 0.0028321968857198954, 0.0018339577363803983, -0.0166856050491333, 0.018659522756934166, -0.01077593769878149, 0.00920154619961977, 0.018461929634213448, 0.0021832447964698076, 0.008413425646722317, -0.005425944924354553, -0.019357364624738693, 0.001171802170574665, -0.002185653429478407, -0.019851520657539368, 0.01404755748808384, -0.01474697981029749],